{
  "model_id": "gpt-4o",
  "success_rate": 0.7333333333333333,
  "per_task_sr": {
    "task1": 1.0,
    "task2": 1.0,
    "task3": 1.0,
    "task4": 0.8666666666666667,
    "task5": 0.6666666666666666,
    "task6": 0.6333333333333333,
    "task7": 0.26666666666666666,
    "task8": 0.9,
    "task9": 0.3,
    "task10": 0.7
  }
}