{
  "model_id": "ft:gpt-4o-2024-08-06:personal:medagent-sft:DVNHwplb",
  "success_rate": 0.7333333333333333,
  "per_task_sr": {
    "task1": 0.6,
    "task2": 1.0,
    "task3": 1.0,
    "task4": 0.7666666666666667,
    "task5": 0.8666666666666667,
    "task6": 0.26666666666666666,
    "task7": 0.4666666666666667,
    "task8": 1.0,
    "task9": 0.4,
    "task10": 0.9666666666666667
  }
}