{
  "model_id": "gpt-4o-mini",
  "success_rate": 0.5733333333333334,
  "per_task_sr": {
    "task1": 0.9666666666666667,
    "task2": 0.9666666666666667,
    "task3": 1.0,
    "task4": 0.6333333333333333,
    "task5": 0.5666666666666667,
    "task6": 0.6,
    "task7": 0.0,
    "task8": 1.0,
    "task9": 0.0,
    "task10": 0.0
  }
}